id,name,model_id:id,group_id:id,perm_read,perm_write,perm_create,perm_unlink
access_partido,l10n_ar_partner.departamento,model_res_departamento,base.group_user,1,1,1,1
access_localidad,l10n_ar_partner.localidad,model_res_localidad,base.group_user,1,1,1,1
access_afip_activity,l10n_ar_afipws_fe.activity,model_afip_activity,base.group_user,1,1,1,1
access_afip_concept,l10n_ar_afipws_fe.concept,model_afip_concept,base.group_user,1,1,1,1
access_afip_tabla_ganancias_escala_manager,access_afip_tabla_ganancias_escala_manager,model_afip_tabla_ganancias_escala,account.group_account_manager,1,1,1,1
access_afip_tabla_ganancias_escala_all,access_afip_tabla_ganancias_escala_all,model_afip_tabla_ganancias_escala,,1,0,0,0
access_afip_tabla_ganancias_alicuotasymontos_manager,access_afip_tabla_ganancias_alicuotasymontos_manager,model_afip_tabla_ganancias_alicuotasymontos,account.group_account_manager,1,1,1,1
access_afip_tabla_ganancias_alicuotasymontos_all,access_afip_tabla_ganancias_alicuotasymontos_all,model_afip_tabla_ganancias_alicuotasymontos,,1,0,0,0
access_afip_tax,l10n_ar_afipws_fe.tax,model_afip_tax,base.group_user,1,1,1,1
